verb_lemma	verb_freq	expected_caus_freq	caus_freq	diff
ol	725240	43514.4	25.0	43489.4
et	246926	14815.56	4882.0	9933.56
al	142776	8566.56	360.0	8206.56
yap	180776	10846.56	3961.0	6885.56
ver	101330	6079.8	210.0	5869.8
kullan	84770	5086.2	59.0	5027.2
bulun	115189	6911.34	2539.0	4372.34
kur	62880	3772.8	212.0	3560.8
gör	49930	2995.8	13.0	2982.8
kal	49000	2940.0	1.0	2939.0
gir	39841	2390.46	7.0	2383.46
sağla	32742	1964.52	5.0	1959.52
yaşa	41776	2506.56	781.0	1725.56
oyna	41930	2515.8	824.0	1691.8
de	28370	1702.2	45.0	1657.2
yaz	34433	2065.98	473.0	1592.98
aç	27274	1636.44	100.0	1536.44
çek	28652	1719.12	229.0	1490.12
çalış	70006	4200.36	2774.0	1426.36
at	26359	1581.54	161.0	1420.54
getir	29245	1754.7	364.0	1390.7
yayınla	24354	1461.24	74.0	1387.24
düzenle	23552	1413.12	27.0	1386.12
taşı	23340	1400.4	47.0	1353.4
iste	22072	1324.32	6.0	1318.32
söyle	22361	1341.66	67.0	1274.66
geçir	21676	1300.56	44.0	1256.56
seç	21787	1307.22	60.0	1247.22
bul	19054	1143.24	24.0	1119.24
bırak	17664	1059.84	43.0	1016.84
sat	15249	914.94	8.0	906.94
tamamla	14867	892.02	24.0	868.02
araştır	14192	851.52	3.0	848.52
doğ	14134	848.04	1.0	847.04
gönder	14056	843.36	15.0	828.36
yayımla	14510	870.6	52.0	818.6
anlat	13206	792.36	8.0	784.36
sun	12428	745.68	45.0	700.68
konuş	12610	756.6	75.0	681.6
yarat	11063	663.78	2.0	661.78
kaybet	12220	733.2	79.0	654.2
tanımla	10867	652.02	1.0	651.02
yönet	10439	626.34	2.0	624.34
izle	11219	673.14	51.0	622.14
koru	10293	617.58	1.0	616.58
bitir	10277	616.62	1.0	615.62
var	10454	627.24	26.0	601.24
ayır	25301	1518.06	929.0	589.06
dön	23126	1387.56	810.0	577.56
düşün	13703	822.18	247.0	575.18
giy	15574	934.44	363.0	571.44
hazırla	12020	721.2	152.0	569.2
bağla	9866	591.96	28.0	563.96
topla	12166	729.96	170.0	559.96
say	8848	530.88	8.0	522.88
uygula	9182	550.92	39.0	511.92
bak	8503	510.18	11.0	499.18
etkile	8318	499.08	2.0	497.08
incele	7693	461.58	12.0	449.58
ata	7392	443.52	3.0	440.52
tut	13268	796.08	373.0	423.08
üstlen	7013	420.78	1.0	419.78
kaydet	7646	458.76	42.0	416.76
koy	8531	511.86	96.0	415.86
imzala	7983	478.98	69.0	409.98
kaldır	7309	438.54	42.0	396.54
tartış	6327	379.62	1.0	378.62
yay	6234	374.04	2.0	372.04
ekle	6476	388.56	26.0	362.56
yakala	6934	416.04	60.0	356.04
bit	6143	368.58	20.0	348.58
ara	7138	428.28	85.0	343.28
ele	5731	343.86	2.0	341.86
vur	5980	358.8	33.0	325.8
kurtar	5212	312.72	1.0	311.72
davran	5163	309.78	1.0	308.78
karşıla	5146	308.76	1.0	307.76
çatış	5101	306.06	3.0	303.06
tasarla	5128	307.68	6.0	301.68
keşfet	5040	302.4	4.0	298.4
rastla	4925	295.5	2.0	293.5
çal	7303	438.18	152.0	286.18
kır	5081	304.86	19.0	285.86
kon(I)	5075	304.5	22.0	282.5
böl	4705	282.3	3.0	279.3
reddet	4219	253.14	1.0	252.14
götür	4172	250.32	2.0	248.32
sev	6297	377.82	133.0	244.82
uyarla	3944	236.64	1.0	235.64
savaş	4037	242.22	10.0	232.22
ayaklan	4801	288.06	58.0	230.06
engelle	3855	231.3	2.0	229.3
ilerle	8289	497.34	274.0	223.34
aktar	3721	223.26	1.0	222.26
inan	7451	447.06	231.0	216.06
bahset	3989	239.34	31.0	208.34
boz	4109	246.54	47.0	199.54
çöz	3471	208.26	11.0	197.26
edin	3609	216.54	20.0	196.54
çevir	3687	221.22	26.0	195.22
sakla	3158	189.48	2.0	187.48
duyur	3141	188.46	1.0	187.46
çiz	3547	212.82	27.0	185.82
düşür	3077	184.62	5.0	179.62
dağıt	3126	187.56	8.0	179.56
artır	3002	180.12	2.0	178.12
hesapla	2864	171.84	1.0	170.84
aş	2807	168.42	3.0	165.42
zorla	2736	164.16	1.0	163.16
kutla	2679	160.74	1.0	159.74
bestele	2635	158.1	2.0	156.1
sok	2608	156.48	5.0	151.48
eleştir	2514	150.84	1.0	149.84
yorumla	2525	151.5	4.0	147.5
kaynaklan	2503	150.18	4.0	146.18
yan	2433	145.98	4.0	141.98
yasakla	2439	146.34	5.0	141.34
değ	2896	173.76	33.0	140.76
vazgeç	2359	141.54	1.0	140.54
dök	2761	165.66	27.0	138.66
yat	2287	137.22	1.0	136.22
yak	2853	171.18	36.0	135.18
ölç	2238	134.28	1.0	133.28
yenile	2360	141.6	9.0	132.6
sor	2282	136.92	6.0	130.92
yargıla	2246	134.76	4.0	130.76
yarış	2656	159.36	29.0	130.36
algıla	2160	129.6	1.0	128.6
kaçır	2482	148.92	21.0	127.92
uğraş	3031	181.86	54.0	127.86
kapla	2193	131.58	7.0	124.58
kıl	2699	161.94	46.0	115.94
sahnele	1974	118.44	3.0	115.44
benimse	2911	174.66	60.0	114.66
del	1971	118.26	4.0	114.26
kanıtla	1906	114.36	1.0	113.36
yükle	2061	123.66	14.0	109.66
örgütle	1829	109.74	1.0	108.74
öde	2472	148.32	40.0	108.32
tutukla	3564	213.84	106.0	107.84
harca	1876	112.56	6.0	106.56
avla	1763	105.78	1.0	104.78
göm	2117	127.02	24.0	103.02
parçala	1808	108.48	7.0	101.48
sar	1817	109.02	8.0	101.02
sula	1727	103.62	5.0	98.62
dene	1615	96.9	1.0	95.9
çök	2203	132.18	37.0	95.18
iç	1572	94.32	2.0	92.32
onayla	2122	127.32	35.0	92.32
boşa	1610	96.6	5.0	91.6
ye	3477	208.62	118.0	90.62
eriş	1803	108.18	22.0	86.18
yık	4829	289.74	204.0	85.74
beğen	1690	101.4	18.0	83.4
devret	1454	87.24	4.0	83.24
çağır	2114	126.84	46.0	80.84
sığın	1404	84.24	4.0	80.24
bekle	7429	445.74	366.0	79.74
betimle	1339	80.34	1.0	79.34
gözük	1337	80.22	1.0	79.22
tüken	1331	79.86	1.0	78.86
süsle	1333	79.98	3.0	76.98
yolla	1314	78.84	2.0	76.84
çarpış	2394	143.64	69.0	74.64
temizle	1397	83.82	11.0	72.82
tekrarla	1270	76.2	4.0	72.2
doğur	1443	86.58	15.0	71.58
görüş	1382	82.92	12.0	70.92
uyar	1231	73.86	3.0	70.86
ayarla	1186	71.16	1.0	70.16
denetle	1217	73.02	3.0	70.02
kes	6014	360.84	291.0	69.84
oyla	1284	77.04	10.0	67.04
yağ	3066	183.96	117.0	66.96
sorgula	1239	74.34	8.0	66.34
ada	1280	76.8	12.0	64.8
as	1577	94.62	30.0	64.62
gizle	1088	65.28	1.0	64.28
faydalan	1106	66.36	4.0	62.36
donat	1064	63.84	2.0	61.84
doğrula	1204	72.24	13.0	59.24
kov	1178	70.68	12.0	58.68
defnet	1110	66.6	8.0	58.6
sürükle	1007	60.42	2.0	58.42
boşalt	1012	60.72	3.0	57.72
döv	1180	70.8	14.0	56.8
sil	1236	74.16	19.0	55.16
ört	923	55.38	1.0	54.38
yüz	1692	101.52	48.0	53.52
tak	1217	73.02	21.0	52.02
batır	838	50.28	1.0	49.28
güven	915	54.9	6.0	48.9
seyret	931	55.86	7.0	48.86
bombala	828	49.68	1.0	48.68
unut	2226	133.56	85.0	48.56
it	1248	74.88	27.0	47.88
evlen	9119	547.14	500.0	47.14
aydınlan	768	46.08	1.0	45.08
yağmala	899	53.94	9.0	44.94
resmet	756	45.36	1.0	44.36
diz	808	48.48	6.0	42.48
öv	717	43.02	1.0	42.02
bağışla	861	51.66	10.0	41.66
değin	723	43.38	2.0	41.38
ertele	799	47.94	7.0	40.94
feshet	796	47.76	7.0	40.76
ısın	828	49.68	9.0	40.68
çekiş	990	59.4	19.0	40.4
haberleş	728	43.68	4.0	39.68
kavra	720	43.2	4.0	39.2
ez	807	48.42	10.0	38.42
özetle	647	38.82	1.0	37.82
kesiş	667	40.02	3.0	37.02
yar	629	37.74	1.0	36.74
dolaş	2074	124.44	88.0	36.44
naklet	832	49.92	15.0	34.92
konakla	601	36.06	2.0	34.06
tutun	691	41.46	8.0	33.46
katlet	732	43.92	11.0	32.92
ispatla	574	34.44	2.0	32.44
işit	549	32.94	1.0	31.94
oy	584	35.04	4.0	31.04
salgıla	582	34.92	5.0	29.92
üz	496	29.76	1.0	28.76
azlet	693	41.58	13.0	28.58
ek	496	29.76	2.0	27.76
çözün	676	40.56	13.0	27.56
yatır	470	28.2	1.0	27.2
em	1336	80.16	53.0	27.16
kalkın	1417	85.02	58.0	27.02
aşağıla	456	27.36	1.0	26.36
ör	539	32.34	6.0	26.34
kana	802	48.12	22.0	26.12
dışla	451	27.06	1.0	26.06
boya	847	50.82	25.0	25.82
süz	460	27.6	2.0	25.6
belgele	434	26.04	1.0	25.04
yığ	448	26.88	2.0	24.88
tap	427	25.62	1.0	24.62
ger	772	46.32	22.0	24.32
beze	422	25.32	1.0	24.32
zannet	458	27.48	4.0	23.48
iv	570	34.2	11.0	23.2
bağır	544	32.64	10.0	22.64
bur	390	23.4	1.0	22.4
ışı	434	26.04	4.0	22.04
dokun	1149	68.94	47.0	21.94
hastalan	487	29.22	8.0	21.22
tırman	835	50.1	29.0	21.1
yumurtla	362	21.72	1.0	20.72
soy	394	23.64	3.0	20.64
kurgula	345	20.7	1.0	19.7
yut	473	28.38	9.0	19.38
tıka	338	20.28	1.0	19.28
hapset	671	40.26	21.0	19.26
önemse	334	20.04	1.0	19.04
kovala	346	20.76	2.0	18.76
kalkış	325	19.5	1.0	18.5
affet	645	38.7	21.0	17.7
paylaş	4025	241.5	224.0	17.5
korkut	306	18.36	1.0	17.36
zehirle	838	50.28	33.0	17.28
biç	303	18.18	1.0	17.18
öp	350	21.0	4.0	17.0
sapla	315	18.9	2.0	16.9
çiğne	394	23.64	7.0	16.64
giyin	344	20.64	4.0	16.64
ısır	420	25.2	9.0	16.2
kutsa	301	18.06	2.0	16.06
döşe	449	26.94	11.0	15.94
kilitle	292	17.52	2.0	15.52
sol	374	22.44	7.0	15.44
şüphelen	300	18.0	3.0	15.0
katet	256	15.36	1.0	14.36
güreş	268	16.08	2.0	14.08
yalanla	248	14.88	1.0	13.88
kabullen	347	20.82	7.0	13.82
çeliş	245	14.7	1.0	13.7
özle	242	14.52	1.0	13.52
sık	288	17.28	4.0	13.28
yıpran	236	14.16	1.0	13.16
aşıla	234	14.04	1.0	13.04
tep	229	13.74	1.0	12.74
taşla	245	14.7	2.0	12.7
doy	245	14.7	2.0	12.7
bürün	591	35.46	23.0	12.46
boğuş	212	12.72	1.0	11.72
serp	210	12.6	1.0	11.6
tıkla	259	15.54	4.0	11.54
akıt	206	12.36	1.0	11.36
tara	320	19.2	8.0	11.2
soyun	216	12.96	2.0	10.96
zedele	216	12.96	2.0	10.96
evril	187	11.22	1.0	10.22
öpüş	186	11.16	1.0	10.16
dirilt	181	10.86	1.0	9.86
gezin	176	10.56	1.0	9.56
kıy	338	20.28	11.0	9.28
eyle	168	10.08	1.0	9.08
onar	696	41.76	33.0	8.76
örtüş	308	18.48	10.0	8.48
demirle	152	9.12	1.0	8.12
seviş	151	9.06	1.0	8.06
yanaş	433	25.98	18.0	7.98
sansürle	149	8.94	1.0	7.94
zıpla	198	11.88	4.0	7.88
çakış	264	15.84	8.0	7.84
selamla	144	8.64	1.0	7.64
dik	1675	100.5	93.0	7.5
resimle	126	7.56	1.0	6.56
yağla	125	7.5	1.0	6.5
durakla	240	14.4	8.0	6.4
tart	118	7.08	1.0	6.08
çarpıt	117	7.02	1.0	6.02
çak	314	18.84	13.0	5.84
kaz	623	37.38	32.0	5.38
neşret	106	6.36	1.0	5.36
üslen	122	7.32	2.0	5.32
yükseltgen	121	7.26	2.0	5.26
mühürle	96	5.76	1.0	4.76
dalgalan	343	20.58	16.0	4.58
sürü	142	8.52	4.0	4.52
damgala	89	5.34	1.0	4.34
kışla	89	5.34	1.0	4.34
sakın	204	12.24	8.0	4.24
dövüş	417	25.02	21.0	4.02
vazgeçir	98	5.88	2.0	3.88
eşle	81	4.86	1.0	3.86
bile	79	4.74	1.0	3.74
yoğur	75	4.5	1.0	3.5
yasa	108	6.48	3.0	3.48
kus	307	18.42	15.0	3.42
tanıtla	69	4.14	1.0	3.14
ezberle	165	9.9	7.0	2.9
içir	64	3.84	1.0	2.84
sürt	97	5.82	3.0	2.82
kümelen	79	4.74	2.0	2.74
doku	79	4.74	2.0	2.74
bık	143	8.58	6.0	2.58
zincirle	59	3.54	1.0	2.54
yavrula	59	3.54	1.0	2.54
özümse	92	5.52	3.0	2.52
ışılda	75	4.5	2.0	2.5
bula	289	17.34	15.0	2.34
bocala	55	3.3	1.0	2.3
yapraklan	50	3.0	1.0	2.0
kapış	83	4.98	3.0	1.98
kıvran	48	2.88	1.0	1.88
parılda	48	2.88	1.0	1.88
uçuş	47	2.82	1.0	1.82
ağla	713	42.78	41.0	1.78
asfaltla	46	2.76	1.0	1.76
işe	44	2.64	1.0	1.64
kucaklaş	44	2.64	1.0	1.64
öt	93	5.58	4.0	1.58
kıvır	43	2.58	1.0	1.58
gerçekle	42	2.52	1.0	1.52
horla	42	2.52	1.0	1.52
duraksa	57	3.42	2.0	1.42
solu	90	5.4	4.0	1.4
yadırga	72	4.32	3.0	1.32
çınla	54	3.24	2.0	1.24
genleş	137	8.22	7.0	1.22
taşın	37	2.22	1.0	1.22
yuhala	37	2.22	1.0	1.22
doğrul	37	2.22	1.0	1.22
sarar	67	4.02	3.0	1.02
sıyır	50	3.0	2.0	1.0
çatallan	33	1.98	1.0	0.98
acık	33	1.98	1.0	0.98
yit	31	1.86	1.0	0.86
gürle	30	1.8	1.0	0.8
meylet	30	1.8	1.0	0.8
gülümse	178	10.68	10.0	0.68
vuruş	28	1.68	1.0	0.68
karıncalan	27	1.62	1.0	0.62
hakket	27	1.62	1.0	0.62
sızla	27	1.62	1.0	0.62
özümle	26	1.56	1.0	0.56
tartakla	26	1.56	1.0	0.56
büzüş	26	1.56	1.0	0.56
saç	592	35.52	35.0	0.52
kokla	90	5.4	5.0	0.4
parselle	23	1.38	1.0	0.38
çerçevele	23	1.38	1.0	0.38
devin	39	2.34	2.0	0.34
boğazla	20	1.2	1.0	0.2
dola	36	2.16	2.0	0.16
zımparala	19	1.14	1.0	0.14
duyumsa	35	2.1	2.0	0.1
tık	34	2.04	2.0	0.04
mayınla	17	1.02	1.0	0.02
tozlan	16	0.96	1.0	-0.04
iğren	32	1.92	2.0	-0.08
kamplaş	15	0.9	1.0	-0.1
nikâhla	14	0.84	1.0	-0.16
çatırda	14	0.84	1.0	-0.16
sigortala	30	1.8	2.0	-0.2
usan	63	3.78	4.0	-0.22
pulla	13	0.78	1.0	-0.22
gerile	946	56.76	57.0	-0.24
sürç	11	0.66	1.0	-0.34
ihtiyarla	11	0.66	1.0	-0.34
vazet	10	0.6	1.0	-0.4
cisimlen	10	0.6	1.0	-0.4
hüzünlen	10	0.6	1.0	-0.4
darıl	9	0.54	1.0	-0.46
kibirlen	9	0.54	1.0	-0.46
yaşar	42	2.52	3.0	-0.48
kotar	42	2.52	3.0	-0.48
şişle	8	0.48	1.0	-0.52
tüylen	24	1.44	2.0	-0.56
puslan	7	0.42	1.0	-0.58
bayatla	7	0.42	1.0	-0.58
uslan	40	2.4	3.0	-0.6
yudumla	6	0.36	1.0	-0.64
aksır	5	0.3	1.0	-0.7
ürü	4	0.24	1.0	-0.76
tomur	4	0.24	1.0	-0.76
kıvılcımlan	4	0.24	1.0	-0.76
hazmet	37	2.22	3.0	-0.78
tınla	20	1.2	2.0	-0.8
afalla	20	1.2	2.0	-0.8
ocu	3	0.18	1.0	-0.82
mürekkeple	3	0.18	1.0	-0.82
kederlen	3	0.18	1.0	-0.82
pürüzlen	2	0.12	1.0	-0.88
çıtla	2	0.12	1.0	-0.88
gevre	2	0.12	1.0	-0.88
takırda	2	0.12	1.0	-0.88
nihayetlen	2	0.12	1.0	-0.88
bileyle	2	0.12	1.0	-0.88
şıngırda	2	0.12	1.0	-0.88
tıkırda	2	0.12	1.0	-0.88
şahlan	18	1.08	2.0	-0.92
durul	1	0.06	1.0	-0.94
boşat	1	0.06	1.0	-0.94
oynat	1	0.06	1.0	-0.94
kanır	1	0.06	1.0	-0.94
hışırda	1	0.06	1.0	-0.94
sokuş	1	0.06	1.0	-0.94
şapırda	1	0.06	1.0	-0.94
pörtle	1	0.06	1.0	-0.94
atlat	1	0.06	1.0	-0.94
sızdır	1	0.06	1.0	-0.94
zıngırda	1	0.06	1.0	-0.94
pırtla	1	0.06	1.0	-0.94
tıkış	1	0.06	1.0	-0.94
dağla	17	1.02	2.0	-0.98
kımılda	33	1.98	3.0	-1.02
kudur	16	0.96	2.0	-1.04
geber	16	0.96	2.0	-1.04
sıçra	632	37.92	39.0	-1.08
depreş	14	0.84	2.0	-1.16
mevzilen	97	5.82	7.0	-1.18
balla	13	0.78	2.0	-1.22
hopla	28	1.68	3.0	-1.32
darbet	10	0.6	2.0	-1.4
paslan	59	3.54	5.0	-1.46
gocun	8	0.48	2.0	-1.52
semir	7	0.42	2.0	-1.58
imren	23	1.38	3.0	-1.62
hislen	5	0.3	2.0	-1.7
kökleş	37	2.22	4.0	-1.78
hararetlen	3	0.18	2.0	-1.82
şenel	3	0.18	2.0	-1.82
alakalan	3	0.18	2.0	-1.82
kaşın	2	0.12	2.0	-1.88
ümitlen	2	0.12	2.0	-1.88
yassıl	2	0.12	2.0	-1.88
uzat	2	0.12	2.0	-1.88
güneşlen	2	0.12	2.0	-1.88
kaşan	2	0.12	2.0	-1.88
somur	2	0.12	2.0	-1.88
kutuplaş	85	5.1	7.0	-1.9
hortla	17	1.02	3.0	-1.98
ciltle	15	0.9	3.0	-2.1
sün	31	1.86	4.0	-2.14
şişmanla	13	0.78	3.0	-2.22
az	146	8.76	11.0	-2.24
irkil	29	1.74	4.0	-2.26
kırış	11	0.66	3.0	-2.34
yamul	10	0.6	3.0	-2.4
kişne	9	0.54	3.0	-2.46
pisle	9	0.54	3.0	-2.46
çözüş	4	0.24	3.0	-2.76
tıngırda	4	0.24	3.0	-2.76
çiftleş	704	42.24	45.0	-2.76
ene	4	0.24	3.0	-2.76
tiksin	37	2.22	5.0	-2.78
düzle	20	1.2	4.0	-2.8
dilen	3	0.18	3.0	-2.82
bereketlen	3	0.18	3.0	-2.82
açın	3	0.18	3.0	-2.82
sürün	3	0.18	3.0	-2.82
haczet	19	1.14	4.0	-2.86
düze	18	1.08	4.0	-2.92
üşü	67	4.02	7.0	-2.98
odaklaş	16	0.96	4.0	-3.04
ılı	15	0.9	4.0	-3.1
marjinalleş	10	0.6	4.0	-3.4
ayıl	58	3.48	7.0	-3.52
şakla	8	0.48	4.0	-3.52
uçukla	5	0.3	4.0	-3.7
sesle	5	0.3	4.0	-3.7
keyiflen	4	0.24	4.0	-3.76
kokulan	4	0.24	4.0	-3.76
hançerle	32	1.92	6.0	-4.08
heveslen	14	0.84	5.0	-4.16
gıcırda	14	0.84	5.0	-4.16
inle	59	3.54	8.0	-4.46
ucuzla	39	2.34	7.0	-4.66
göçer	5	0.3	5.0	-4.7
tanıt	5	0.3	5.0	-4.7
belirt	5	0.3	5.0	-4.7
yeşer	87	5.22	10.0	-4.78
yuvarla	319	19.14	24.0	-4.86
seğir	17	1.02	6.0	-4.98
ufal	16	0.96	6.0	-5.04
buruş	15	0.9	6.0	-5.1
neticelen	65	3.9	9.0	-5.1
kıpırda	63	3.78	9.0	-5.22
hırslan	12	0.72	6.0	-5.28
kıskan	277	16.62	22.0	-5.38
tokuş	10	0.6	6.0	-5.4
lezzetlen	9	0.54	6.0	-5.46
küs	73	4.38	10.0	-5.62
üleş	6	0.36	6.0	-5.64
süslen	6	0.36	6.0	-5.64
esinlen	6	0.36	6.0	-5.64
eski	189	11.34	17.0	-5.66
kuşkulan	152	9.12	15.0	-5.88
ürper	16	0.96	7.0	-6.04
çıldır	196	11.76	18.0	-6.24
köpür	44	2.64	9.0	-6.36
katış	9	0.54	7.0	-6.46
tüt	42	2.52	9.0	-6.48
benzeş	122	7.32	14.0	-6.68
gururlan	16	0.96	8.0	-7.04
ağrı	32	1.92	9.0	-7.08
atış	106	6.36	14.0	-7.64
dikleş	22	1.32	9.0	-7.68
ever	168	10.08	18.0	-7.92
ferahla	17	1.02	9.0	-7.98
duygulan	31	1.86	10.0	-8.14
çoksa	9	0.54	9.0	-8.46
körel	73	4.38	13.0	-8.62
kırbaçla	49	2.94	12.0	-9.06
mele	26	1.56	11.0	-9.44
belle	26	1.56	11.0	-9.44
kazı	202	12.12	22.0	-9.88
kızış	78	4.68	15.0	-10.32
telaşlan	41	2.46	13.0	-10.54
uyuş	338	20.28	31.0	-10.72
acı	263	15.78	27.0	-11.22
bileş	37	2.22	14.0	-11.78
sök	664	39.84	52.0	-12.16
ekşi	44	2.64	15.0	-12.36
kaygılan	59	3.54	16.0	-12.46
neşelen	20	1.2	14.0	-12.8
sek	201	12.06	25.0	-12.94
dinlen	1433	85.98	99.0	-13.02
çatla	149	8.94	22.0	-13.06
sez	157	9.42	23.0	-13.58
titre	240	14.4	28.0	-13.6
elle	19	1.14	15.0	-13.86
gölgelen	15	0.9	15.0	-14.1
isle	48	2.88	17.0	-14.12
yaklaş	3130	187.8	202.0	-14.2
bitiş	42	2.52	17.0	-14.48
çökel	89	5.34	20.0	-14.66
geçin	503	30.18	45.0	-14.82
titreş	109	6.54	22.0	-15.46
alçal	289	17.34	33.0	-15.66
bastır	17	1.02	17.0	-15.98
ağar	79	4.74	21.0	-16.26
bulan	18	1.08	18.0	-16.92
bez	42	2.52	20.0	-17.48
delir	144	8.64	28.0	-19.36
tat	194	11.64	31.0	-19.36
utan	175	10.5	30.0	-19.5
sersemle	36	2.16	23.0	-20.84
şımar	31	1.86	23.0	-21.14
esne	112	6.72	28.0	-21.28
nemlen	38	2.28	24.0	-21.72
serinle	62	3.72	26.0	-22.28
barış	227	13.62	36.0	-22.38
gücen	60	3.6	26.0	-22.4
vasıflan	25	1.5	24.0	-22.5
geçiş	35	2.1	25.0	-22.9
öfkelen	191	11.46	35.0	-23.54
fışkır	138	8.28	32.0	-23.72
aşır	57	3.42	28.0	-24.58
yeşillen	40	2.4	27.0	-24.6
kara	41	2.46	28.0	-25.54
uyu	833	49.98	76.0	-26.02
çimlen	147	8.82	35.0	-26.18
dinle	1826	109.56	136.0	-26.44
coş	91	5.46	32.0	-26.54
şiddetlen	197	11.82	39.0	-27.18
es	337	20.22	48.0	-27.78
alevlen	155	9.3	38.0	-28.7
koşuş	37	2.22	31.0	-28.78
akset	45	2.7	32.0	-29.3
seyrel	55	3.3	35.0	-31.7
endişelen	189	11.34	44.0	-32.66
kopar	898	53.88	87.0	-33.12
yüreklen	40	2.4	37.0	-34.6
sevin	260	15.6	52.0	-36.4
apar	106	6.36	44.0	-37.64
gez	1695	101.7	141.0	-39.3
terle	199	11.94	52.0	-40.06
şenlen	54	3.24	45.0	-41.76
sinirlen	46	2.76	46.0	-43.24
heyecanlan	47	2.82	47.0	-44.18
oku	10488	629.28	674.0	-44.72
damla	98	5.88	51.0	-45.12
dal	763	45.78	91.0	-45.22
uzlaş	820	49.2	95.0	-45.8
teşkilatlan	240	14.4	62.0	-47.6
tutuş	303	18.18	67.0	-48.82
incel	163	9.78	59.0	-49.22
boğ	845	50.7	100.0	-49.3
parla	619	37.14	89.0	-51.86
eğ	1051	63.06	115.0	-51.94
tanış	4804	288.24	341.0	-52.76
iliş	79	4.74	58.0	-53.26
ergi	183	10.98	65.0	-54.02
kabar	199	11.94	66.0	-54.06
hareketlen	58	3.48	58.0	-54.52
kıs	231	13.86	71.0	-57.14
silahsızlan	181	10.86	68.0	-57.14
sulan	64	3.84	62.0	-58.16
karar	273	16.38	75.0	-58.62
savuş	65	3.9	63.0	-59.1
taçlan	71	4.26	65.0	-60.74
tatlan	68	4.08	66.0	-61.92
dolan	421	25.26	88.0	-62.74
azmet	104	6.24	69.0	-62.76
bulaş	766	45.96	110.0	-64.04
hisset	2314	138.84	206.0	-67.16
cay	159	9.54	78.0	-68.46
kamaş	84	5.04	74.0	-68.96
dayan	8803	528.18	599.0	-70.82
sikle	81	4.86	80.0	-75.14
bölüş	188	11.28	88.0	-76.72
sap	327	19.62	97.0	-77.38
uçur	388	23.28	102.0	-78.72
gül	572	34.32	114.0	-79.68
sığ	267	16.02	96.0	-79.98
yanıl	260	15.6	96.0	-80.4
kaynaş	519	31.14	113.0	-81.86
yıl	187	11.22	95.0	-83.78
din	215	12.9	97.0	-84.1
sus	665	39.9	129.0	-89.1
aksa	281	16.86	109.0	-92.14
otla	164	9.84	103.0	-93.16
eşleş	1111	66.66	162.0	-95.34
buluş	2147	128.82	226.0	-97.18
gevşe	311	18.66	117.0	-98.34
ısla	282	16.92	117.0	-100.08
bilinçlen	160	9.6	111.0	-101.4
alış	850	51.0	156.0	-105.0
eğlen	464	27.84	145.0	-117.16
don	779	46.74	168.0	-121.26
ağaçlan	137	8.22	134.0	-125.78
ilgilen	3835	230.1	356.0	-125.9
çöker	140	8.4	138.0	-129.6
rahatla	324	19.44	166.0	-146.56
çürü	545	32.7	180.0	-147.3
özen	229	13.74	165.0	-151.26
cesaretlen	182	10.92	163.0	-152.08
aşın	668	40.08	202.0	-161.92
kızar	337	20.22	186.0	-165.78
yakış	314	18.84	189.0	-170.16
koş	2118	127.08	298.0	-170.92
yumuşa	430	25.8	212.0	-186.2
yatış	259	15.54	204.0	-188.46
kız	620	37.2	229.0	-191.8
patla	3692	221.52	415.0	-193.48
bağdaş	322	19.32	213.0	-193.68
kuvvetlen	212	12.72	212.0	-199.28
gecik	1144	68.64	268.0	-199.36
sız	798	47.88	250.0	-202.12
yapış	569	34.14	238.0	-203.86
bin	1268	76.08	287.0	-210.92
küçül	713	42.78	258.0	-215.22
ulaş	18862	1131.72	1349.0	-217.28
çağrış	249	14.94	243.0	-228.06
yücel	268	16.08	245.0	-228.92
hafifle	303	18.18	255.0	-236.82
sön	625	37.5	280.0	-242.5
yavaşla	633	37.98	284.0	-246.02
kayna	650	39.0	291.0	-252.0
zayıfla	1160	69.6	332.0	-262.4
otur	5017	301.02	565.0	-263.98
biçimlen	459	27.54	296.0	-268.46
konuşlan	619	37.14	307.0	-269.86
havalan	531	31.86	303.0	-271.14
kavuş	2725	163.5	444.0	-280.5
eri	1315	78.9	362.0	-283.1
anımsa	410	24.6	308.0	-283.4
çoğal	1274	76.44	371.0	-294.56
ayrış	822	49.32	346.0	-296.68
birik	1038	62.28	374.0	-311.72
kan	388	23.28	341.0	-317.72
şaşır	759	45.54	365.0	-319.46
atla	2616	156.96	491.0	-334.04
arın	640	38.4	378.0	-339.6
sin	427	25.62	374.0	-348.38
er	5856	351.36	714.0	-362.64
pekiş	499	29.94	444.0	-414.06
hatırla	1749	104.94	532.0	-427.06
onurlan	462	27.72	462.0	-434.28
uy	3037	182.22	630.0	-447.78
büyü	6808	408.48	858.0	-449.52
kay	1948	116.88	582.0	-465.12
kap	1456	87.36	564.0	-476.64
kuru	1112	66.72	610.0	-543.28
kazan	43031	2581.86	3129.0	-547.14
yönel	3484	209.04	783.0	-573.96
karşılaş	5775	346.5	943.0	-596.5
çarp	3843	230.58	838.0	-607.42
benze	3850	231.0	969.0	-738.0
püskür	1086	65.16	833.0	-767.84
uyan	1974	118.44	1051.0	-932.56
sıkış	1563	93.78	1031.0	-937.22
türe	2716	162.96	1203.0	-1040.04
gerek	17912	1074.72	2128.0	-1053.28
yüksel	13694	821.64	1926.0	-1104.36
uğra	8003	480.18	1667.0	-1186.82
uzaklaş	2781	166.86	1372.0	-1205.14
fırla	1526	91.56	1349.0	-1257.44
başla	79667	4780.02	6050.0	-1269.98
düzel	1651	99.06	1374.0	-1274.94
nitelen	1832	109.92	1538.0	-1428.08
güçlen	1626	97.56	1626.0	-1528.44
uza	7705	462.3	2051.0	-1588.7
tanı	18683	1120.98	2712.0	-1591.02
kısal	1927	115.62	1727.0	-1611.38
karış	4506	270.36	2154.0	-1883.64
art	13764	825.84	2777.0	-1951.16
dol	3406	204.36	2183.0	-1978.64
genişle	4346	260.76	2315.0	-2054.24
azal	6632	397.92	2565.0	-2167.08
bil	39448	2366.88	4537.0	-2170.12
bas	8800	528.0	2716.0	-2188.0
yansı	4026	241.56	2463.0	-2221.44
dur	9874	592.44	3085.0	-2492.56
dönüş	7500	450.0	3072.0	-2622.0
in	6282	376.92	3340.0	-2963.08
barın	3628	217.68	3233.0	-3015.32
birleş	12251	735.06	4154.0	-3418.94
yerleş	14057	843.42	4306.0	-3462.58
sal	5229	313.74	3996.0	-3682.26
kapa	6538	392.28	4202.0	-3809.72
yetiş	8139	488.34	4464.0	-3975.66
işle	11084	665.04	4734.0	-4068.96
canlan	6083	364.98	5551.0	-5186.02
seslen	6143	368.58	5754.0	-5385.42
yürü	11937	716.22	7700.0	-6983.78
sür	34202	2052.12	11391.0	-9338.88
değiş	20255	1215.3	11821.0	-10605.7
belir	14211	852.66	13404.0	-12551.34
öl	31008	1860.48	14474.0	-12613.52
geliş	30925	1855.5	15349.0	-13493.5
üre	16817	1009.02	14793.0	-13783.98
çık	85091	5105.46	24649.0	-19543.54
oluş	59247	3554.82	28318.0	-24763.18
i	88483	5308.98		
gel	73048	4382.88		
göster	41322	2479.32		
geç	38235	2294.1		
kat	32003	1920.18		
git	26060	1563.6		
alın	23766	1425.96		
açıkla	15327	919.62		
düş	13880	832.8		
savun	13578	814.68		
içer	12414	744.84		
belirle	10707	642.42		
yen(II)	10059	603.54		
başar	9065	543.9		
anlaş	8472	508.32		
an	8205	492.3		
duy	8131	487.86		
destekle	7341	440.46		
öğren	7170	430.2		
kaç	7050	423.0		
kurtul	6588	395.28		
görün	5969	358.14		
kuşat	5082	304.92		
sergile	5031	301.86		
planla	4837	290.22		
besle	4767	286.02		
uç	4567	274.02		
kapsa	4514	270.84		
sırala	4294	257.64		
anla	3911	234.66		
ak	3391	203.46		
öner	3294	197.64		
çevril	3264	195.84		
dağıl	3212	192.72		
kalk	3103	186.18		
diren	3050	183.0		
yitir	2887	173.22		
suçla	2774	166.44		
san	2669	160.14		
önle	2631	157.86		
yarala	2582	154.92		
tüket	2294	137.64		
giriş	2256	135.36		
kaybol	2207	132.42		
derle	2158	129.48		
kirala	2125	127.5		
yönlendir	2026	121.56		
sapta	2016	120.96		
öngör	2007	120.42		
çağrıl	1927	115.62		
başvur	1922	115.32		
amaçla	1837	110.22		
gözlemle	1822	109.32		
gözle	1789	107.34		
esinle	1707	102.42		
vurgula	1636	98.16		
takıl	1635	98.1		
öğret	1536	92.16		
fethet	1516	90.96		
ilet	1486	89.16		
kork	1447	86.82		
depola	1396	83.76		
yet	1354	81.24		
kısıtla	1312	78.72		
hedefle	1307	78.42		
kop	1260	75.6		
emret	1249	74.94		
odakla	1223	73.38		
pazarla	1210	72.6		
soruştur	1194	71.64		
yara	1174	70.44		
bat	1171	70.26		
programla	1137	68.22		
gider	1136	68.16		
pişir	1135	68.1		
tepki	1038	62.28		
varsay	1024	61.44		
kaçın	1014	60.84		
sınırla	1006	60.36		
eğit	982	58.92		
aydınlat	982	58.92		
andır	979	58.74		
ısıt	969	58.14		
güncelle	961	57.66		
devral	934	56.04		
dile	915	54.9		
ateşle	884	53.04		
çözümle	872	52.32		
ünle	863	51.78		
hoşlan	861	51.66		
görüntüle	810	48.6		
kodla	799	47.94		
ilişkilendir	765	45.9		
şifrele	745	44.7		
um	744	44.64		
simgele	733	43.98		
karşılaştır	731	43.86		
çevrele	719	43.14		
yıka	708	42.48		
sakatla	703	42.18		
güt	686	41.16		
devril	662	39.72		
devir	650	39.0		
göç	647	38.82		
indirge	636	38.16		
sars	635	38.1		
boşal	629	37.74		
toparla	587	35.22		
çekin	583	34.98		
katlan	581	34.86		
kastet	571	34.26		
kıyasla	552	33.12		
noktala	534	32.04		
işaretle	517	31.02		
hükmet	510	30.6		
nitele	509	30.54		
atfet	506	30.36		
kopyala	489	29.34		
ser	470	28.2		
sına	470	28.2		
salla	466	27.96		
tetikle	466	27.96		
aldat	461	27.66		
piş	450	27.0		
yum	448	26.88		
kaydol	445	26.7		
bük	442	26.52		
yinele	441	26.46		
gözet	441	26.46		
kına	436	26.16		
yetin	427	25.62		
daral	423	25.38		
soğu	411	24.66		
sürtün	410	24.6		
kas	384	23.04		
düğ	381	22.86		
soyutla	379	22.74		
tapın	378	22.68		
dengele	368	22.08		
sıkıl	367	22.02		
yazış	365	21.9		
harmanla	361	21.66		
yor	358	21.48		
ağırla	351	21.06		
dölle	349	20.94		
gözetle	344	20.64		
soğut	341	20.46		
modelle	336	20.16		
taş	333	19.98		
soğur	327	19.62		
kışkırt	307	18.42		
irdele	304	18.24		
hizala	304	18.24		
nişanla	304	18.24		
şiş	299	17.94		
yardımlaş	298	17.88		
sark	293	17.58		
alla	290	17.4		
arıt	287	17.22		
yalvar	277	16.62		
örnekle	266	15.96		
silk	262	15.72		
küçümse	257	15.42		
öğüt	256	15.36		
sınıfla	254	15.24		
bayıl	254	15.24		
salıver	249	14.94		
çabala	249	14.94		
yakın	249	14.94		
kıvrıl	248	14.88		
yırt	248	14.88		
zikret	243	14.58		
tertiple	235	14.1		
hallet	233	13.98		
akla	231	13.86		
zamanla	230	13.8		
sı	226	13.56		
kazın	225	13.5		
paketle	224	13.44		
danış	217	13.02		
abart	216	12.96		
sıyrıl	214	12.84		
tiple	211	12.66		
oksitle	210	12.6		
diril	206	12.36		
dür	205	12.3		
yalıt	204	12.24		
haşla	203	12.18		
yeğle	202	12.12		
üfle	201	12.06		
ayıkla	201	12.06		
lağvet	200	12.0		
bıçakla	190	11.4		
lanetle	189	11.34		
yu	189	11.34		
damıt	188	11.28		
buyur	187	11.22		
hesaplaş	186	11.16		
süpür	185	11.1		
garantile	183	10.98		
kirlet	183	10.98		
başkaldır	181	10.86		
emzir	181	10.86		
takın	179	10.74		
yıprat	177	10.62		
çırp	177	10.62		
kamulaştır	176	10.56		
yanıtla	176	10.56		
büyüle	173	10.38		
cevapla	172	10.32		
puanla	168	10.08		
eşitle	163	9.78		
sömür	162	9.72		
arzula	161	9.66		
oyala	158	9.48		
katla	158	9.48		
doğra	157	9.42		
sıva	156	9.36		
esirge	156	9.36		
kenetle	152	9.12		
kavur	149	8.94		
sav	148	8.88		
klonla	147	8.82		
yadsı	147	8.82		
kolla	143	8.58		
mayala	142	8.52		
sürtüş	140	8.4		
tamla	138	8.28		
alıkoy	138	8.28		
kok	138	8.28		
etiketle	137	8.22		
daralt	137	8.22		
mektuplaş	134	8.04		
doyur	133	7.98		
ona	132	7.92		
yasla	132	7.92		
becer	131	7.86		
yen(I)	130	7.8		
kovuştur	130	7.8		
kavrul	130	7.8		
cezbet	127	7.62		
haykır	127	7.62		
listele	126	7.56		
pompala	126	7.56		
kırp	125	7.5		
rahatsızlan	124	7.44		
yont	124	7.44		
alkışla	122	7.32		
dizile	120	7.2		
gereksin	120	7.2		
körükle	116	6.96		
ısmarla	116	6.96		
tuzakla	115	6.9		
toprakla	115	6.9		
bahşet	114	6.84		
yer	114	6.84		
karala	113	6.78		
sivril	112	6.72		
savrul	112	6.72		
buy	111	6.66		
etki	111	6.66		
övün	110	6.6		
der	109	6.54		
kuşan	106	6.36		
dala	105	6.3		
addet	103	6.18		
şaş	102	6.12		
mahvet	102	6.12		
değerle	100	6.0		
kundakla	99	5.94		
büz	99	5.94		
kucakla	99	5.94		
zonkla	99	5.94		
yedekle	98	5.88		
doğrult	98	5.88		
incit	98	5.88		
savur	96	5.76		
bunal	96	5.76		
buda	94	5.64		
dayat	94	5.64		
arşivle	94	5.64		
ışınla	94	5.64		
hırpala	93	5.58		
çeşitle	93	5.58		
genelle	93	5.58		
bayılt	92	5.52		
frenle	91	5.46		
filizle	91	5.46		
mumyala	91	5.46		
burk	91	5.46		
tümle	90	5.4		
yakınsa	89	5.34		
uğurla	89	5.34		
hapsol	88	5.28		
çalkala	87	5.22		
daya	87	5.22		
tükür	86	5.16		
eksil	85	5.1		
devşir	84	5.04		
hicvet	84	5.04		
indükle	84	5.04		
istifle	83	4.98		
bert	83	4.98		
yoğrul	83	4.98		
donan	82	4.92		
fırınla	81	4.86		
perçinle	81	4.86		
gölgele	80	4.8		
umursa	78	4.68		
azarla	78	4.68		
turla	77	4.62		
örtün	77	4.62		
şakı	77	4.62		
müjdele	77	4.62		
susa	76	4.56		
kayır	76	4.56		
çel	76	4.56		
kötüle	76	4.56		
ov	75	4.5		
raporla	74	4.44		
şişir	74	4.44		
gübrele	71	4.26		
yala	71	4.26		
fısılda	71	4.26		
taşır	70	4.2		
alıntıla	69	4.14		
yuvala	69	4.14		
göğüsle	68	4.08		
ilaçla	68	4.08		
vakfet	68	4.08		
aşer	67	4.02		
öğütle	66	3.96		
makyajla	65	3.9		
tuzla	65	3.9		
tavla	65	3.9		
kemir	64	3.84		
güneşle	64	3.84		
tanıla	64	3.84		
torpille	64	3.84		
yol	63	3.78		
dilimle	63	3.78		
serpiştir	63	3.78		
eğir	63	3.78		
stokla	62	3.72		
sönümle	61	3.66		
vedalaş	61	3.66		
tazele	61	3.66		
koç	60	3.6		
fotoğrafla	60	3.6		
dona	59	3.54		
sağ	59	3.54		
mahmuzla	59	3.54		
elver	58	3.48		
azımsa	58	3.48		
ikile	57	3.42		
ayart	56	3.36		
yakar	55	3.3		
maskele	55	3.3		
zulmet	54	3.24		
eklemle	54	3.24		
kireçle	54	3.24		
vadet	54	3.24		
arızalan	53	3.18		
çat	53	3.18		
havla	53	3.18		
sırtla	53	3.18		
düşle	53	3.18		
pozla	52	3.12		
bütünle	52	3.12		
ufala	51	3.06		
sataş	51	3.06		
presle	51	3.06		
içerle	51	3.06		
katalogla	51	3.06		
kükre	50	3.0		
yun	50	3.0		
cilala	50	3.0		
ürk	50	3.0		
aldan	50	3.0		
mahvol	50	3.0		
dire	49	2.94		
şişele	49	2.94		
yort	49	2.94		
yankıla	48	2.88		
okşa	48	2.88		
ölçekle	48	2.88		
şükret	48	2.88		
yelten	48	2.88		
melezle	48	2.88		
bölümle	48	2.88		
kurşunla	47	2.82		
ölçüş	46	2.76		
düğümle	46	2.76		
rendele	46	2.76		
bordala	45	2.7		
arala	45	2.7		
tabakla	44	2.64		
demle	44	2.64		
güdümle	44	2.64		
çaprazla	43	2.58		
kümele	43	2.58		
incin	43	2.58		
ıskala	42	2.52		
sarkıt	42	2.52		
dizginle	42	2.52		
kak	41	2.46		
çırpın	41	2.46		
öykün	41	2.46		
lekele	41	2.46		
ürküt	41	2.46		
il	41	2.46		
ulu	40	2.4		
yoksun	40	2.4		
diret	40	2.4		
tüne	40	2.4		
kaşı	40	2.4		
baltala	40	2.4		
tersin	40	2.4		
lehimle	40	2.4		
tekmele	39	2.34		
eksilt	39	2.34		
buna	39	2.34		
fırçala	39	2.34		
montajla	38	2.28		
konumla	38	2.28		
kon(II)	38	2.28		
gev	38	2.28		
ambalajla	38	2.28		
mırıldan	38	2.28		
akaçla	38	2.28		
buzlan	38	2.28		
ıraksa	37	2.22		
büyült	37	2.22		
alıkonul	37	2.22		
perdele	36	2.16		
grupla	36	2.16		
postala	36	2.16		
tomurcuklan	35	2.1		
ölçümle	35	2.1		
tütsüle	34	2.04		
kar	34	2.04		
iğnele	34	2.04		
ayıpla	34	2.04		
sarmala	34	2.04		
düz	34	2.04		
emekle	34	2.04		
harla	33	1.98		
eş	33	1.98		
ota	33	1.98		
kaçış	33	1.98		
palazla	32	1.92		
eğril	32	1.92		
boğumla	32	1.92		
öksür	32	1.92		
kamçıla	31	1.86		
yeniş	31	1.86		
tırmala	31	1.86		
evir	31	1.86		
mıknatıslan	31	1.86		
bun	30	1.8		
avut	30	1.8		
sabırsızlan	30	1.8		
sayıkla	30	1.8		
tasla	30	1.8		
mükâfatlandır	30	1.8		
beyazlat	29	1.74		
gıdıkla	29	1.74		
sabret	29	1.74		
pus	29	1.74		
doluş	29	1.74		
tökezle	29	1.74		
kokuş	28	1.68		
didiş	28	1.68		
yed	28	1.68		
uslamla	27	1.62		
yokla	27	1.62		
sın	27	1.62		
methet	26	1.56		
hapşır	26	1.56		
çömel	26	1.56		
yumrukla	26	1.56		
yama	26	1.56		
gagala	26	1.56		
defet	25	1.5		
ötele	25	1.5		
tohumla	25	1.5		
tokatla	25	1.5		
çivile	25	1.5		
küfret	25	1.5		
buğula	25	1.5		
eşele	25	1.5		
ban	25	1.5		
söv	25	1.5		
sıfırla	24	1.44		
yutkun	24	1.44		
kekele	24	1.44		
imle	24	1.44		
deş	24	1.44		
dürt	24	1.44		
açkıla	24	1.44		
kurcala	23	1.38		
törpüle	23	1.38		
ortala	23	1.38		
örsele	23	1.38		
hecele	23	1.38		
sendele	23	1.38		
katıl	23	1.38		
çıkış	23	1.38		
uyukla	23	1.38		
vazifelendir	23	1.38		
zıtlaş	23	1.38		
hasret	22	1.32		
gecele	22	1.32		
dörtle	22	1.32		
hikâyele	22	1.32		
terasla	22	1.32		
bulgula	21	1.26		
alar	21	1.26		
vergile	21	1.26		
ay	21	1.26		
panikle	21	1.26		
böbürlen	20	1.2		
artakal	20	1.2		
közle	20	1.2		
dil	20	1.2		
yükseltge	20	1.2		
göçür	20	1.2		
tezgâhla	20	1.2		
ihtisaslaş	20	1.2		
üstele	20	1.2		
çalımla	20	1.2		
didin	20	1.2		
kanıksa	20	1.2		
paslaş	20	1.2		
dadan	19	1.14		
kert	19	1.14		
hayıflan	19	1.14		
kelepçele	19	1.14		
akdet	19	1.14		
bürü	19	1.14		
selamlaş	19	1.14		
yalpala	19	1.14		
azlolun	19	1.14		
avun	19	1.14		
dosyala	19	1.14		
paralelleştir	19	1.14		
öyküle	18	1.08		
silkin	18	1.08		
sıvazla	18	1.08		
sivrilt	18	1.08		
yaldızla	18	1.08		
ıh	18	1.08		
özdeştir	18	1.08		
nicele	18	1.08		
sevdalan	18	1.08		
göze	18	1.08		
defol	18	1.08		
söyleş	17	1.02		
dalaş	17	1.02		
bakın	17	1.02		
süblimleş	17	1.02		
kalıpla	17	1.02		
böğür	17	1.02		
numarala	17	1.02		
ula	17	1.02		
miyavla	17	1.02		
haddele	17	1.02		
sezinle	17	1.02		
gülüş	17	1.02		
şakalaş	16	0.96		
külle	16	0.96		
bunalt	16	0.96		
çekil	16	0.96		
çullan	16	0.96		
öncele	16	0.96		
dinamitle	16	0.96		
homurdan	15	0.9		
tersle	15	0.9		
bayramlaş	15	0.9		
yetir	15	0.9		
ağ	15	0.9		
yaftala	14	0.84		
sayımla	14	0.84		
morar	14	0.84		
silkele	14	0.84		
fişle	14	0.84		
doğaçla	14	0.84		
hıçkır	14	0.84		
bozuş	14	0.84		
bodosla	14	0.84		
oranla	14	0.84		
solla	14	0.84		
kahret	13	0.78		
boşla	13	0.78		
hırla	13	0.78		
yon	13	0.78		
hatmet	13	0.78		
sırıt	13	0.78		
dit	13	0.78		
bandır	13	0.78		
menet	13	0.78		
kırk	13	0.78		
tuşla	13	0.78		
takış	13	0.78		
topaklan	13	0.78		
üşüş	13	0.78		
itiş	12	0.72		
saçmala	12	0.72		
geğir	12	0.72		
formatla	12	0.72		
kıllan	12	0.72		
tamponla	12	0.72		
suvar	12	0.72		
ispiyonla	12	0.72		
küflen	12	0.72		
kahrol	12	0.72		
yemle	12	0.72		
perdahla	12	0.72		
oynaş	12	0.72		
yaraş	12	0.72		
hiddetlen	12	0.72		
kurula	12	0.72		
üsten	11	0.66		
sallandır	11	0.66		
rüzgârla	11	0.66		
haydala	11	0.66		
on	11	0.66		
süngüle	11	0.66		
çeşnile	11	0.66		
itekle	11	0.66		
gönen	11	0.66		
garipse	11	0.66		
sırla	11	0.66		
kazıkla	11	0.66		
kefenle	11	0.66		
toz	11	0.66		
köhne	11	0.66		
hallol	11	0.66		
endeksle	11	0.66		
ovuştur	11	0.66		
dinel	10	0.6		
berkit	10	0.6		
körlen	10	0.6		
üfür	10	0.6		
kutula	10	0.6		
sağalt	10	0.6		
ornat	10	0.6		
tokalaş	10	0.6		
sayfala	10	0.6		
vahyolun	10	0.6		
defnolun	10	0.6		
durula	10	0.6		
bulutlan	10	0.6		
klorla	10	0.6		
bağrış	10	0.6		
alazla	10	0.6		
markala	10	0.6		
nakşet	10	0.6		
topalla	10	0.6		
ütüle	10	0.6		
mimle	10	0.6		
akortla	10	0.6		
tepele	10	0.6		
kalayla	10	0.6		
dertleş	10	0.6		
bört	10	0.6		
debelen	10	0.6		
fiyatla	10	0.6		
bekin	10	0.6		
çığır	9	0.54		
zırhlan	9	0.54		
pohpohla	9	0.54		
tısla	9	0.54		
ovala	9	0.54		
köstekle	9	0.54		
kamala	9	0.54		
vidala	9	0.54		
tasarımla	9	0.54		
ilikle	9	0.54		
rastlaş	9	0.54		
savla	9	0.54		
ayakla	9	0.54		
didikle	9	0.54		
mıhla	9	0.54		
değir	9	0.54		
adımla	9	0.54		
hazzet	9	0.54		
ofla	9	0.54		
tortulan	9	0.54		
zırhlandır	9	0.54		
antlaş	9	0.54		
dövün	9	0.54		
acındır	9	0.54		
vakumla	9	0.54		
boyla	9	0.54		
affolun	8	0.48		
üşen	8	0.48		
anıştır	8	0.48		
bay	8	0.48		
bakış	8	0.48		
tekle	8	0.48		
uğulda	8	0.48		
evetle	8	0.48		
nasbet	8	0.48		
peydahla	8	0.48		
sıvış	8	0.48		
eğle	8	0.48		
başka	8	0.48		
ıslıkla	8	0.48		
lütfet	8	0.48		
uzaksa	8	0.48		
çoğulla	8	0.48		
helalleş	8	0.48		
vernikle	8	0.48		
tepin	8	0.48		
kıkırda	8	0.48		
yarıla	8	0.48		
yayla	8	0.48		
imgele	8	0.48		
cızla	8	0.48		
birle	8	0.48		
ılga	8	0.48		
ebele	8	0.48		
güdüle	8	0.48		
kumla	8	0.48		
irk	8	0.48		
makasla	8	0.48		
sayış	8	0.48		
astarla	7	0.42		
ıkın	7	0.42		
oydaş	7	0.42		
dizinle	7	0.42		
inatlaş	7	0.42		
balyala	7	0.42		
süs	7	0.42		
çalka	7	0.42		
sonla	7	0.42		
pençeleş	7	0.42		
omuzla	7	0.42		
okla	7	0.42		
patakla	7	0.42		
tıraşla	7	0.42		
yığış	7	0.42		
pıs	7	0.42		
süratlen	7	0.42		
azıt	7	0.42		
vızılda	7	0.42		
yumruklaş	7	0.42		
frezele	7	0.42		
cepheleş	6	0.36		
hakla	6	0.36		
yas	6	0.36		
malala	6	0.36		
çap	6	0.36		
tembihle	6	0.36		
sabahla	6	0.36		
galvanizle	6	0.36		
hidrojenle	6	0.36		
çav	6	0.36		
torbala	6	0.36		
eğele	6	0.36		
çiftle	6	0.36		
kırın	6	0.36		
kokut	6	0.36		
bekleş	6	0.36		
payla	6	0.36		
soluklan	6	0.36		
bele	6	0.36		
budaklan	6	0.36		
faksla	6	0.36		
faturala	6	0.36		
başakla	6	0.36		
üt	6	0.36		
küfürleş	6	0.36		
çöreklen	6	0.36		
gümrükle	6	0.36		
berele	6	0.36		
çağ	6	0.36		
ged	6	0.36		
ilen	6	0.36		
çim	6	0.36		
öğür	6	0.36		
çekiçle	6	0.36		
pudrala	6	0.36		
ulula	6	0.36		
çağla	6	0.36		
iletiş	6	0.36		
jurnalle	6	0.36		
yellen	6	0.36		
sancılan	6	0.36		
bantla	6	0.36		
yansıla	6	0.36		
sargıla	6	0.36		
yaylan	6	0.36		
gerin	6	0.36		
gevele	6	0.36		
yağmurla	6	0.36		
kaytar	6	0.36		
koyult	5	0.3		
halkala	5	0.3		
tutkalla	5	0.3		
kükürtle	5	0.3		
denkle	5	0.3		
bırakış	5	0.3		
hayla	5	0.3		
özdeşle	5	0.3		
sarmaş	5	0.3		
çisele	5	0.3		
tapula	5	0.3		
gammazla	5	0.3		
koca	5	0.3		
esri	5	0.3		
koyver	5	0.3		
üçle	5	0.3		
mumla	5	0.3		
deneyle	5	0.3		
yangılan	5	0.3		
sapıt	5	0.3		
yamal	5	0.3		
sobele	5	0.3		
itele	5	0.3		
ırgan	5	0.3		
çelikle	5	0.3		
katranla	5	0.3		
neşrolun	5	0.3		
çapala	5	0.3		
randevulaş	5	0.3		
gasbet	5	0.3		
savul	5	0.3		
çöğ	5	0.3		
dercet	5	0.3		
nalla	5	0.3		
yalazla	5	0.3		
dürtükle	5	0.3		
sanç	5	0.3		
tasalan	4	0.24		
rampala	4	0.24		
kızakla	4	0.24		
yel	4	0.24		
efsunla	4	0.24		
tın	4	0.24		
sepile	4	0.24		
ut	4	0.24		
kılıfla	4	0.24		
kabuklan	4	0.24		
ayrımla	4	0.24		
nazlan	4	0.24		
nakışla	4	0.24		
biliş	4	0.24		
hükmolun	4	0.24		
kırpış	4	0.24		
otala	4	0.24		
genel	4	0.24		
çapulla	4	0.24		
göy	4	0.24		
kubaş	4	0.24		
kubar	4	0.24		
alaşımla	4	0.24		
tün	4	0.24		
büyüklen	4	0.24		
banla	4	0.24		
küre	4	0.24		
koşulla	4	0.24		
siy	4	0.24		
fokurda	4	0.24		
cebelleş	4	0.24		
sonuçla	4	0.24		
silola	4	0.24		
kırıt	4	0.24		
buzağıla	4	0.24		
huysuzlan	4	0.24		
huylan	4	0.24		
haccet	4	0.24		
savsakla	4	0.24		
kavla	4	0.24		
sızır	4	0.24		
seyreyle	4	0.24		
gürülde	4	0.24		
merkezle	4	0.24		
dayanış	4	0.24		
sekile	4	0.24		
nefyet	3	0.18		
yalabı	3	0.18		
gazla	3	0.18		
karele	3	0.18		
ergür	3	0.18		
çapkı	3	0.18		
kesele	3	0.18		
mırla	3	0.18		
arşınla	3	0.18		
fısıldaş	3	0.18		
esir	3	0.18		
eser	3	0.18		
jiletle	3	0.18		
rötuşla	3	0.18		
yerin	3	0.18		
açımla	3	0.18		
üş	3	0.18		
dönen	3	0.18		
çiziktir	3	0.18		
kakış	3	0.18		
tornala	3	0.18		
yaltaklan	3	0.18		
tavsa	3	0.18		
ensele	3	0.18		
bağda	3	0.18		
sopala	3	0.18		
badanala	3	0.18		
haşılla	3	0.18		
zımbala	3	0.18		
çevrile	3	0.18		
ötüş	3	0.18		
celbet	3	0.18		
tüy	3	0.18		
parala	3	0.18		
zamkla	3	0.18		
kafesle	3	0.18		
kargı	3	0.18		
örnekse	3	0.18		
ödünçle	3	0.18		
devrolun	3	0.18		
zikrolun	3	0.18		
yadımla	3	0.18		
harekele	3	0.18		
sağal	3	0.18		
tosla	3	0.18		
sarsala	3	0.18		
zimmetle	3	0.18		
karbonatla	3	0.18		
çevrin	3	0.18		
şartla	3	0.18		
menevişle	3	0.18		
kep	3	0.18		
demetlen	3	0.18		
sürgüle	3	0.18		
hortumla	3	0.18		
gümbürde	3	0.18		
alçıla	3	0.18		
fitille	3	0.18		
halet	3	0.18		
keyfet	3	0.18		
briketle	3	0.18		
yazla	3	0.18		
pörsü	3	0.18		
masset	3	0.18		
beşle	3	0.18		
köpüklen	3	0.18		
nötrle	3	0.18		
tabet	3	0.18		
koklaş	2	0.12		
süzgeçle	2	0.12		
parmakla	2	0.12		
beneklen	2	0.12		
bölgele	2	0.12		
şerbetle	2	0.12		
çent	2	0.12		
polar	2	0.12		
kinlen	2	0.12		
tasnifle	2	0.12		
sepele	2	0.12		
kancala	2	0.12		
notala	2	0.12		
vehmet	2	0.12		
şırılda	2	0.12		
parametrele	2	0.12		
diklen	2	0.12		
anır	2	0.12		
dipçikle	2	0.12		
zıpkınla	2	0.12		
çelmele	2	0.12		
bandajla	2	0.12		
sırı	2	0.12		
siyanürle	2	0.12		
sayla	2	0.12		
vınla	2	0.12		
sekit	2	0.12		
guslet	2	0.12		
alala	2	0.12		
kırkla	2	0.12		
erginle	2	0.12		
ahdet	2	0.12		
destele	2	0.12		
topakla	2	0.12		
barikatla	2	0.12		
kıskaçla	2	0.12		
kürne	2	0.12		
deşele	2	0.12		
ırgala	2	0.12		
yivle	2	0.12		
titizlen	2	0.12		
desenle	2	0.12		
okra	2	0.12		
orantıla	2	0.12		
röntgenle	2	0.12		
kıp	2	0.12		
açıl	2	0.12		
gümüşle	2	0.12		
çöm	2	0.12		
osur	2	0.12		
efkârlan	2	0.12		
kürü	2	0.12		
soğanla	2	0.12		
dikel	2	0.12		
yongala	2	0.12		
cevret	2	0.12		
vakla	2	0.12		
ilmekle	2	0.12		
zamlan	2	0.12		
örgüle	2	0.12		
sabunla	2	0.12		
öze	2	0.12		
serdet	2	0.12		
çağılda	2	0.12		
özgüle	2	0.12		
dişle	2	0.12		
tanele	2	0.12		
pırılda	2	0.12		
şampuanla	2	0.12		
nurlan	2	0.12		
renkle	2	0.12		
mıncıkla	2	0.12		
muştula	2	0.12		
yaslan	2	0.12		
çulla	2	0.12		
uğun	2	0.12		
yarlıga	2	0.12		
kepeklen	2	0.12		
kaşele	2	0.12		
boyala	2	0.12		
çimdikle	2	0.12		
çuvalla	2	0.12		
kalburla	2	0.12		
gedil	2	0.12		
tırmıkla	2	0.12		
kavza	2	0.12		
tımarla	2	0.12		
sifonla	2	0.12		
siperlen	2	0.12		
arakla	2	0.12		
darbele	2	0.12		
dikizle	2	0.12		
ırala	2	0.12		
yelle	2	0.12		
kâğıtla	2	0.12		
eyerle	2	0.12		
rutubetlen	2	0.12		
sümkür	2	0.12		
çırçırla	2	0.12		
anıkla	2	0.12		
şakra	2	0.12		
ödeş	2	0.12		
bekit	2	0.12		
esle	2	0.12		
kocal	2	0.12		
nazmet	2	0.12		
hamlet	2	0.12		
karı	2	0.12		
hırılda	2	0.12		
nasiplen	2	0.12		
çit	1	0.06		
elektrikle	1	0.06		
cıyakla	1	0.06		
sıkıla	1	0.06		
sabreyle	1	0.06		
şarla	1	0.06		
betelen	1	0.06		
hasırla	1	0.06		
apış	1	0.06		
çentikle	1	0.06		
tırpanla	1	0.06		
ilintile	1	0.06		
kahırlan	1	0.06		
karşıtla	1	0.06		
tekerle	1	0.06		
bozla	1	0.06		
ambarla	1	0.06		
kılavuzla	1	0.06		
koltukla	1	0.06		
ahzet	1	0.06		
afişle	1	0.06		
pakla	1	0.06		
kısımla	1	0.06		
akçala	1	0.06		
cıv	1	0.06		
tayla	1	0.06		
açınsa	1	0.06		
mineralleştir	1	0.06		
gemle	1	0.06		
tabakala	1	0.06		
hohla	1	0.06		
minele	1	0.06		
gadret	1	0.06		
tırnakla	1	0.06		
şırla	1	0.06		
sıvala	1	0.06		
soruş	1	0.06		
dumanla	1	0.06		
ayla	1	0.06		
toslaş	1	0.06		
çıtırda	1	0.06		
tomrukla	1	0.06		
harelen	1	0.06		
unla	1	0.06		
cüretlen	1	0.06		
tayyet	1	0.06		
poşetle	1	0.06		
konukla	1	0.06		
camla	1	0.06		
tokmakla	1	0.06		
soyla	1	0.06		
feyzal	1	0.06		
nakşol	1	0.06		
sikkele	1	0.06		
çapraş	1	0.06		
sürüştür	1	0.06		
eğleş	1	0.06		
lağvol	1	0.06		
kılıçla	1	0.06		
harcet	1	0.06		
tünekle	1	0.06		
varakla	1	0.06		
afsunla	1	0.06		
çivitle	1	0.06		
türet	1	0.06		
fışırda	1	0.06		
ötür	1	0.06		
karışla	1	0.06		
hıfzet	1	0.06		
silahla	1	0.06		
zenginle	1	0.06		
durala	1	0.06		
vızla	1	0.06		
faslet	1	0.06		
parafla	1	0.06		
alacala	1	0.06		
eyit	1	0.06		
çıv	1	0.06		
yırla	1	0.06		
çile	1	0.06		
payandala	1	0.06		
emiş	1	0.06		
tebeşirle	1	0.06		
çaşıtla	1	0.06		
işkillen	1	0.06		
kalafatla	1	0.06		
şeritle	1	0.06		
kakala	1	0.06		
mıknatısla	1	0.06		
kuzula	1	0.06		
yamala	1	0.06		
aprele	1	0.06		
deyiver	1	0.06		
karmaş	1	0.06		
recmet	1	0.06		
gerekse	1	0.06		
seyirt	1	0.06		
gidiş	1	0.06		
ağna	1	0.06		
zehret	1	0.06		
vıcırda	1	0.06		
kınala	1	0.06		
siyahlat	1	0.06		
tıkın	1	0.06		
gırtlakla	1	0.06		
şekerle	1	0.06		
addolun	1	0.06		
harfle	1	0.06		
lafla	1	0.06		
hafifse	1	0.06		
teyelle	1	0.06		
meleş	1	0.06		
kütürde	1	0.06		
şutla	1	0.06		
çöğün	1	0.06		
bütçele	1	0.06		
çayırla	1	0.06		
reddeyle	1	0.06		
mutlan	1	0.06		
bollan	1	0.06		
titret	1	0.06		
güdele	1	0.06		
çemre	1	0.06		
savakla	1	0.06		
kesbet	1	0.06		
mayış	1	0.06		
esenle	1	0.06		
gaslet	1	0.06		
mırılda	1	0.06		
kolala	1	0.06		
topukla	1	0.06		
gıdakla	1	0.06		
sislen	1	0.06		
yelpazele	1	0.06		
üzengile	1	0.06		
terbiyele	1	0.06		
aban	1	0.06		
sancı	1	0.06		
sığa	1	0.06		
köpüle	1	0.06		
orsala	1	0.06		
yoğurtla	1	0.06		
buğzet	1	0.06		
tırs	1	0.06		
zırvala	1	0.06		
ılıştır	1	0.06		
apazla	1	0.06		
avuçla	1	0.06		
abra	1	0.06		
masajla	1	0.06		
domal	1	0.06		
sik	1	0.06		
dazla	1	0.06		
sarımsakla	1	0.06		
havuzla	1	0.06		
kredile	1	0.06		
sarın	1	0.06		
talanla	1	0.06		
raspala	1	0.06		
kaşarlan	1	0.06		
dökün	1	0.06		
merhabalaş	1	0.06		
şaşala	1	0.06		
dehle	1	0.06		
kulaçla	1	0.06		
fıkırda	1	0.06		
yokumsa	1	0.06		
planyala	1	0.06		
kuşakla	1	0.06		
rakamla	1	0.06		
gurulda	1	0.06		
ayrımsa	1	0.06		
tıpala	1	0.06		
böceklen	1	0.06		
ödünle	1	0.06		
zannolun	1	0.06		
çekimle	1	0.06		
sepetle	1	0.06		
yanşa	1	0.06		
tangırda	1	0.06		
sıcakla	1	0.06		
düğmele	1	0.06		
hiçle	1	0.06		
cumbala	1	0.06		
çitle	1	0.06		
kolayla	1	0.06		
arkala	1	0.06		
zırla	1	0.06		
yülü	1	0.06		
tipile	1	0.06		
tirele	1	0.06		
günüle	1	0.06		
taharetlen	1	0.06		
tüple	1	0.06		
raptet	1	0.06		
azotla	1	0.06		
büyükse	1	0.06		
cızırda	1	0.06		
emreyle	1	0.06		
çocukla	1	0.06		
cemet	1	0.06		
kemerle	1	0.06		
küçükse	1	0.06		
